{
  "properties": {
    "connectionReferences": {
      "shared_commondataserviceforapps": {
        "runtimeSource": "embedded",
        "connection": {
          "connectionReferenceLogicalName": "tfl_sharedcommondataserviceforapps_e7a4c"
        },
        "api": {
          "name": "shared_commondataserviceforapps"
        }
      }
    },
    "definition": {
      "$schema": "https://schema.management.azure.com/providers/Microsoft.Logic/schemas/2016-06-01/workflowdefinition.json#",
      "contentVersion": "1.0.0.0",
      "parameters": {
        "$connections": {
          "defaultValue": {},
          "type": "Object"
        },
        "$authentication": {
          "defaultValue": {},
          "type": "SecureObject"
        }
      },
      "triggers": {
        "[Do not delete or update] Invoked Through Execution Workflow Call": {
          "metadata": {
            "operationMetadataId": "38e38b7b-6360-4592-8388-7f480790a91e"
          },
          "type": "OpenApiConnectionWebhook",
          "inputs": {
            "host": {
              "connectionName": "shared_commondataserviceforapps",
              "operationId": "SubscribeWebhookTrigger",
              "apiId": "/providers/Microsoft.PowerApps/apis/shared_commondataserviceforapps"
            },
            "parameters": {
              "subscriptionRequest/message": 3,
              "subscriptionRequest/entityname": "slakpiinstance",
              "subscriptionRequest/scope": 4,
              "subscriptionRequest/filteringattributes": "versionnumber,createdon",
              "subscriptionRequest/name": "bc195514-4208-ee11-8f6e-000d3adecedc"
            },
            "authentication": "@parameters('$authentication')"
          }
        }
      },
      "actions": {
        "[Do not delete or update] Switch": {
          "runAfter": {
            "Get_Case": [
              "Succeeded"
            ]
          },
          "cases": {
            "[Do not delete] Is Near Non Compliance.": {
              "case": 2,
              "actions": {}
            },
            "[Do not delete] Is Succeeded.": {
              "case": 4,
              "actions": {
                "_Check_Customer_Type": {
                  "actions": {
                    "Send_Email_to_Account": {
                      "runAfter": {},
                      "type": "OpenApiConnection",
                      "inputs": {
                        "host": {
                          "connectionName": "shared_commondataserviceforapps",
                          "operationId": "PerformUnboundAction",
                          "apiId": "/providers/Microsoft.PowerApps/apis/shared_commondataserviceforapps"
                        },
                        "parameters": {
                          "actionName": "msdyn_SendEmailFromTemplate",
                          "item/From": "systemusers(@{outputs('Get_Case')?['body/_ownerid_value']})",
                          "item/To": [
                            "accounts(@{outputs('Get_Case')?['body/_customerid_value']})"
                          ],
                          "item/Regarding": "incidents(@{outputs('Get_Case')?['body/incidentid']})",
                          "item/Template": "templates(b4bb483d-0612-46de-ab0f-056f7f861972)"
                        },
                        "authentication": "@parameters('$authentication')"
                      }
                    }
                  },
                  "runAfter": {},
                  "else": {
                    "actions": {
                      "Send_Email_to_Contact": {
                        "runAfter": {},
                        "type": "OpenApiConnection",
                        "inputs": {
                          "host": {
                            "connectionName": "shared_commondataserviceforapps",
                            "operationId": "PerformUnboundAction",
                            "apiId": "/providers/Microsoft.PowerApps/apis/shared_commondataserviceforapps"
                          },
                          "parameters": {
                            "actionName": "msdyn_SendEmailFromTemplate",
                            "item/From": "systemusers(@{outputs('Get_Case')?['body/_ownerid_value']})",
                            "item/To": [
                              "contacts(@{outputs('Get_Case')?['body/_customerid_value']})"
                            ],
                            "item/Regarding": "incidents(@{outputs('Get_Case')?['body/incidentid']})",
                            "item/Template": "templates(b4bb483d-0612-46de-ab0f-056f7f861972)"
                          },
                          "authentication": "@parameters('$authentication')"
                        }
                      }
                    }
                  },
                  "expression": {
                    "equals": [
                      "@outputs('Get_Case')?['body/_customerid_value@Microsoft.Dynamics.CRM.lookuplogicalname']",
                      "account"
                    ]
                  },
                  "type": "If"
                }
              }
            },
            "[Do not delete] Is Non-compliant.": {
              "case": 1,
              "actions": {}
            }
          },
          "default": {
            "actions": {}
          },
          "expression": "@triggerOutputs()?['body/status']",
          "metadata": {
            "operationMetadataId": "088ead5a-eeed-4645-bda4-86a77fb482bf"
          },
          "type": "Switch"
        },
        "Get_Case": {
          "runAfter": {},
          "metadata": {
            "operationMetadataId": "ad93f8fb-64aa-4e01-9056-99256478781e"
          },
          "type": "OpenApiConnection",
          "inputs": {
            "host": {
              "connectionName": "shared_commondataserviceforapps",
              "operationId": "GetItem",
              "apiId": "/providers/Microsoft.PowerApps/apis/shared_commondataserviceforapps"
            },
            "parameters": {
              "entityName": "incidents",
              "recordId": "@triggerOutputs()?['body/_regarding_value']"
            },
            "authentication": "@parameters('$authentication')"
          }
        }
      },
      "outputs": {}
    },
    "templateName": ""
  },
  "schemaVersion": "1.0.0.0"
}