{
  "properties": {
    "connectionReferences": {
      "shared_commondataserviceforapps": {
        "runtimeSource": "embedded",
        "connection": {
          "connectionReferenceLogicalName": "tfl_sharedcommondataserviceforapps_e7a4c"
        },
        "api": {
          "name": "shared_commondataserviceforapps"
        }
      }
    },
    "definition": {
      "$schema": "https://schema.management.azure.com/providers/Microsoft.Logic/schemas/2016-06-01/workflowdefinition.json#",
      "contentVersion": "1.0.0.0",
      "parameters": {
        "$connections": {
          "defaultValue": {},
          "type": "Object"
        },
        "$authentication": {
          "defaultValue": {},
          "type": "SecureObject"
        }
      },
      "triggers": {
        "When_Case_Created": {
          "metadata": {
            "operationMetadataId": "2d21fd90-90a3-4794-9d4e-b7b0bea24caf"
          },
          "type": "OpenApiConnectionWebhook",
          "inputs": {
            "host": {
              "connectionName": "shared_commondataserviceforapps",
              "operationId": "SubscribeWebhookTrigger",
              "apiId": "/providers/Microsoft.PowerApps/apis/shared_commondataserviceforapps"
            },
            "parameters": {
              "subscriptionRequest/message": 1,
              "subscriptionRequest/entityname": "incident",
              "subscriptionRequest/scope": 4
            },
            "authentication": "@parameters('$authentication')"
          }
        }
      },
      "actions": {
        "Check_Customer_Type": {
          "actions": {
            "Send_Email_to_Account": {
              "runAfter": {},
              "metadata": {
                "operationMetadataId": "4b59f490-76a8-443e-a5c3-6e7e66b27fbc"
              },
              "type": "OpenApiConnection",
              "inputs": {
                "host": {
                  "connectionName": "shared_commondataserviceforapps",
                  "operationId": "PerformUnboundAction",
                  "apiId": "/providers/Microsoft.PowerApps/apis/shared_commondataserviceforapps"
                },
                "parameters": {
                  "actionName": "msdyn_SendEmailFromTemplate",
                  "item/From": "systemusers(@{triggerOutputs()?['body/_ownerid_value']})",
                  "item/To": [
                    "accounts(@{triggerOutputs()?['body/_customerid_value']})"
                  ],
                  "item/Regarding": "incidents(@{triggerOutputs()?['body/incidentid']})",
                  "item/Template": "templates(d0b742b5-e945-4073-981c-11c0beb4e2b1)"
                },
                "authentication": "@parameters('$authentication')"
              }
            }
          },
          "runAfter": {},
          "else": {
            "actions": {
              "Send_Email_to_Contact": {
                "runAfter": {},
                "metadata": {
                  "operationMetadataId": "923e33dc-43e1-472b-bafd-ddb39a5d43da"
                },
                "type": "OpenApiConnection",
                "inputs": {
                  "host": {
                    "connectionName": "shared_commondataserviceforapps",
                    "operationId": "PerformUnboundAction",
                    "apiId": "/providers/Microsoft.PowerApps/apis/shared_commondataserviceforapps"
                  },
                  "parameters": {
                    "actionName": "msdyn_SendEmailFromTemplate",
                    "item/From": "systemusers(@{triggerOutputs()?['body/_ownerid_value']})",
                    "item/To": [
                      "contacts(@{triggerOutputs()?['body/_customerid_value']})"
                    ],
                    "item/Regarding": "incidents(@{triggerOutputs()?['body/incidentid']})",
                    "item/Template": "templates(d0b742b5-e945-4073-981c-11c0beb4e2b1)"
                  },
                  "authentication": "@parameters('$authentication')"
                }
              }
            }
          },
          "expression": {
            "equals": [
              "@triggerOutputs()?['body/_customerid_value@Microsoft.Dynamics.CRM.lookuplogicalname']",
              "account"
            ]
          },
          "metadata": {
            "operationMetadataId": "73716b22-d39d-4605-a933-1366a5143013"
          },
          "type": "If"
        }
      }
    },
    "templateName": ""
  },
  "schemaVersion": "1.0.0.0"
}