{
  "properties": {
    "connectionReferences": {
      "shared_commondataserviceforapps": {
        "runtimeSource": "embedded",
        "connection": {
          "connectionReferenceLogicalName": "tfl_sharedcommondataserviceforapps_e7a4c"
        },
        "api": {
          "name": "shared_commondataserviceforapps"
        }
      }
    },
    "definition": {
      "$schema": "https://schema.management.azure.com/providers/Microsoft.Logic/schemas/2016-06-01/workflowdefinition.json#",
      "contentVersion": "1.0.0.0",
      "parameters": {
        "$connections": {
          "defaultValue": {},
          "type": "Object"
        },
        "$authentication": {
          "defaultValue": {},
          "type": "SecureObject"
        }
      },
      "triggers": {
        "When_Case_Record_Updated": {
          "metadata": {
            "operationMetadataId": "83dc70ba-2b74-44e5-b10d-8ce33d0f8b7d"
          },
          "type": "OpenApiConnectionWebhook",
          "inputs": {
            "host": {
              "connectionName": "shared_commondataserviceforapps",
              "operationId": "SubscribeWebhookTrigger",
              "apiId": "/providers/Microsoft.PowerApps/apis/shared_commondataserviceforapps"
            },
            "parameters": {
              "subscriptionRequest/message": 3,
              "subscriptionRequest/entityname": "incident",
              "subscriptionRequest/scope": 4,
              "subscriptionRequest/filteringattributes": "tfl_followupreasonlocal"
            },
            "authentication": "@parameters('$authentication')"
          },
          "conditions": [
            {
              "expression": "@or(equals(triggerBody()?['tfl_followupreasonlocal'], 1), equals(triggerBody()?['tfl_followupreasonlocal'],2))"
            }
          ]
        }
      },
      "actions": {
        "Check_if_Follow-Up_Reason_is_Confidential": {
          "actions": {
            "Check_Customer_Type": {
              "actions": {
                "Create_Follow-up_to_Confidential_Team_for_account": {
                  "runAfter": {},
                  "metadata": {
                    "operationMetadataId": "1e3c240c-8638-4235-a49c-78c72e86d48a"
                  },
                  "type": "OpenApiConnection",
                  "inputs": {
                    "host": {
                      "connectionName": "shared_commondataserviceforapps",
                      "operationId": "CreateRecord",
                      "apiId": "/providers/Microsoft.PowerApps/apis/shared_commondataserviceforapps"
                    },
                    "parameters": {
                      "entityName": "tfl_followups",
                      "item/subject": "This is FollowUp to Confidential Team for @{triggerOutputs()?['body/ticketnumber']}",
                      "item/tfl_customer_tfl_followup_account@odata.bind": "accounts(@{triggerOutputs()?['body/_customerid_value']})",
                      "item/ownerid_tfl_followup@odata.bind": "/teams(cc5b5a98-5d05-ee11-8f6e-000d3adecedc)",
                      "item/regardingobjectid_incident_tfl_followup@odata.bind": "/incidents(@{triggerOutputs()?['body/incidentid']})"
                    },
                    "authentication": "@parameters('$authentication')"
                  }
                }
              },
              "runAfter": {},
              "else": {
                "actions": {
                  "Create_Follow-up_to_Confidential_Team_for_contact": {
                    "runAfter": {},
                    "metadata": {
                      "operationMetadataId": "1e3c240c-8638-4235-a49c-78c72e86d48a"
                    },
                    "type": "OpenApiConnection",
                    "inputs": {
                      "host": {
                        "connectionName": "shared_commondataserviceforapps",
                        "operationId": "CreateRecord",
                        "apiId": "/providers/Microsoft.PowerApps/apis/shared_commondataserviceforapps"
                      },
                      "parameters": {
                        "entityName": "tfl_followups",
                        "item/subject": "This is FollowUp to Confidential Team for @{triggerOutputs()?['body/ticketnumber']}",
                        "item/tfl_customer_tfl_followup_contact@odata.bind": "contacts(@{triggerOutputs()?['body/_customerid_value']})",
                        "item/ownerid_tfl_followup@odata.bind": "/teams(cc5b5a98-5d05-ee11-8f6e-000d3adecedc)",
                        "item/regardingobjectid_incident_tfl_followup@odata.bind": "/incidents(@{triggerOutputs()?['body/incidentid']})"
                      },
                      "authentication": "@parameters('$authentication')"
                    }
                  }
                }
              },
              "expression": {
                "equals": [
                  "@triggerOutputs()?['body/_customerid_value@Microsoft.Dynamics.CRM.lookuplogicalname']",
                  "account"
                ]
              },
              "metadata": {
                "operationMetadataId": "e37e13e1-8386-4aba-929d-324ebebb033f"
              },
              "type": "If"
            }
          },
          "runAfter": {},
          "else": {
            "actions": {
              "Check_Follow-up_Reason_is_Can't_Resolve": {
                "actions": {
                  "Check_Customer_Type_Cannot_resolve_option": {
                    "actions": {
                      "Create_Follow-up_to_Escalation_Team_for_Account": {
                        "runAfter": {},
                        "metadata": {
                          "operationMetadataId": "1e3c240c-8638-4235-a49c-78c72e86d48a"
                        },
                        "type": "OpenApiConnection",
                        "inputs": {
                          "host": {
                            "connectionName": "shared_commondataserviceforapps",
                            "operationId": "CreateRecord",
                            "apiId": "/providers/Microsoft.PowerApps/apis/shared_commondataserviceforapps"
                          },
                          "parameters": {
                            "entityName": "tfl_followups",
                            "item/subject": "This is FollowUp to Escalation Team for @{triggerOutputs()?['body/ticketnumber']}",
                            "item/tfl_customer_tfl_followup_account@odata.bind": "accounts(@{triggerOutputs()?['body/_customerid_value']})",
                            "item/ownerid_tfl_followup@odata.bind": "/teams(0fb79385-5d05-ee11-8f6e-000d3adecedc)",
                            "item/regardingobjectid_incident_tfl_followup@odata.bind": "/incidents(@{triggerOutputs()?['body/incidentid']})"
                          },
                          "authentication": "@parameters('$authentication')"
                        }
                      }
                    },
                    "runAfter": {},
                    "else": {
                      "actions": {
                        "Create_Follow-up_to_Escalation_Team_for_Contact": {
                          "runAfter": {},
                          "metadata": {
                            "operationMetadataId": "1e3c240c-8638-4235-a49c-78c72e86d48a"
                          },
                          "type": "OpenApiConnection",
                          "inputs": {
                            "host": {
                              "connectionName": "shared_commondataserviceforapps",
                              "operationId": "CreateRecord",
                              "apiId": "/providers/Microsoft.PowerApps/apis/shared_commondataserviceforapps"
                            },
                            "parameters": {
                              "entityName": "tfl_followups",
                              "item/subject": "This is FollowUp to Escalation Team for @{triggerOutputs()?['body/ticketnumber']}",
                              "item/tfl_customer_tfl_followup_contact@odata.bind": "contacts(@{triggerOutputs()?['body/_customerid_value']})",
                              "item/ownerid_tfl_followup@odata.bind": "/teams(0fb79385-5d05-ee11-8f6e-000d3adecedc)",
                              "item/regardingobjectid_incident_tfl_followup@odata.bind": "/incidents(@{triggerOutputs()?['body/incidentid']})"
                            },
                            "authentication": "@parameters('$authentication')"
                          }
                        }
                      }
                    },
                    "expression": {
                      "equals": [
                        "@triggerOutputs()?['body/_customerid_value@Microsoft.Dynamics.CRM.lookuplogicalname']",
                        "account"
                      ]
                    },
                    "metadata": {
                      "operationMetadataId": "e37e13e1-8386-4aba-929d-324ebebb033f"
                    },
                    "type": "If"
                  }
                },
                "runAfter": {},
                "expression": {
                  "equals": [
                    "@triggerOutputs()?['body/tfl_followupreasonlocal']",
                    2
                  ]
                },
                "metadata": {
                  "operationMetadataId": "c238843c-c592-4a9a-aeb2-abfa693034cc"
                },
                "type": "If"
              }
            }
          },
          "expression": {
            "equals": [
              "@triggerOutputs()?['body/tfl_followupreasonlocal']",
              1
            ]
          },
          "metadata": {
            "operationMetadataId": "b2dcf767-6093-4f21-ad7b-5cdfc1803134"
          },
          "type": "If"
        }
      }
    },
    "templateName": ""
  },
  "schemaVersion": "1.0.0.0"
}