<duplicaterule uniquename="dr334e3e4fd2cb8c3529cfa9ea5d94b0b1f85c5567c919ed9e597b081af08e4eda">
  <baseentityname>contact</baseentityname>
  <excludeinactiverecords>0</excludeinactiverecords>
  <iscasesensitive>1</iscasesensitive>
  <iscustomizable>1</iscustomizable>
  <matchingentityname>contact</matchingentityname>
  <name>Check Duplicate Contact Email</name>
  <duplicateruleconditions>
    <duplicaterulecondition baseattributename="emailaddress1" matchingattributename="emailaddress1" operatorcode="0" uniquerulename="dr334e3e4fd2cb8c3529cfa9ea5d94b0b1f85c5567c919ed9e597b081af08e4eda">
      <ignoreblankvalues>1</ignoreblankvalues>
      <iscustomizable>1</iscustomizable>
    </duplicaterulecondition>
  </duplicateruleconditions>
</duplicaterule>